date,minute,low,high,open,close,volume,avg_trade_size,trade_count,avg_bid,avg_ask,avg_mid,avg_spread,avg_imbalance
2025-01-02,09:30:00,588.46,589.45,589.39,589.45,1482184,89.97110598518879,16474,575.3241320142852,579.5293700587004,577.4267510364928,4.205238044415254,-0.006561603393072477
2025-01-02,09:31:00,589.04,589.62,589.4481,589.5,175662,81.325,2160,571.8927565878379,578.6540150337838,575.2733858108109,6.761258445945946,-0.011361296080181231
2025-01-02,09:32:00,588.8995,589.66,589.53,589.0812,125032,81.08430609597924,1542,568.3813105357434,565.8573260055366,567.11931827064,-2.523984530206807,0.0047505542313269885
2025-01-02,09:33:00,587.97,589.32,589.09,587.99,132101,55.133973288814694,2396,573.2907507051732,565.0233080855085,569.1570293953408,-8.267442619664667,0.01467686055520634
2025-01-02,09:34:00,587.7868,589.38,587.99,587.82,145261,75.81471816283924,1916,569.4393088248839,572.3269406981487,570.8831247615163,2.8876318732648256,-0.004694583791614132
2025-01-02,09:35:00,586.91,588.914,587.79,586.91,166855,62.703870725291246,2661,579.7811027543355,573.3196602986181,576.5503815264768,-6.461442455717333,0.01146403522773151
2025-01-02,09:36:00,586.91,589.38,586.91,587.04,211090,75.38928571428572,2800,581.932412469864,580.359550941413,581.1459817056385,-1.572861528450944,0.003032237472071497
2025-01-02,09:37:00,586.7,589.38,587.04,587.2288,225508,98.43212570929725,2291,576.4926584040519,577.1081051051555,576.8003817546037,0.6154467011035454,-0.00081430461778577
2025-01-02,09:38:00,586.88,589.38,587.2399,586.9,174939,81.32914923291493,2151,573.3827129719045,570.9739671122102,572.1783400420574,-2.408745859694407,0.004431355279092811
2025-01-02,09:39:00,585.86,587.1225,586.93,586.26,166197,55.36209193870753,3002,572.7699485549249,571.3382898774544,572.0541192161896,-1.4316586774704667,0.0027201043216039445
2025-01-02,09:40:00,586.14,589.38,586.26,586.5297,176752,77.15058926233085,2291,579.5453041380933,573.7530197828426,576.649161960468,-5.792284355250773,0.010247608041738184
2025-01-02,09:41:00,585.8,586.87,586.49,586.6201,111028,69.56641604010025,1596,575.3724494726749,571.1134306168104,573.2429400447427,-4.259018855864493,0.007666761798510754
2025-01-02,09:42:00,586.19,587.1,586.66,586.89,130273,69.1103448275862,1885,571.8034752793664,568.439770250147,570.1216227647567,-3.363705029219276,0.006199951622554075
2025-01-02,09:43:00,586.51,587.19,586.85,586.79,187614,95.81920326864147,1958,575.0905101045296,567.1076514130856,571.0990807588075,-7.982858691444057,0.014140396183037824
2025-01-02,09:44:00,586.69,587.22,586.78,587.18,113015,71.75555555555556,1575,569.4728386605784,561.9355464816766,565.7041925711275,-7.537292178901768,0.014833164209395332
2025-01-02,09:45:00,586.7286,587.45,587.15,587.25,122301,69.68717948717949,1755,575.3875452979843,573.7636912702841,574.5756182841342,-1.6238540277002935,0.0039058661688120273
2025-01-02,09:46:00,586.8926,587.76,587.26,587.46,126084,61.05762711864407,2065,575.7385014151646,571.652845523611,573.6956734693878,-4.085655891553702,0.007336712789865661
2025-01-02,09:47:00,586.99,587.89,587.425,587.745,100475,69.05498281786942,1455,573.804714854296,567.5141601491831,570.6594375017395,-6.290554705112862,0.011196462484764308
2025-01-02,09:48:00,586.9516,587.91,587.74,587.785,87926,61.229805013927574,1436,569.3558021162798,572.5303998234682,570.943100969874,3.174597707188416,-0.005251561564131086
2025-01-02,09:49:00,587.5837,588.64,587.82,588.5486,116375,62.803561791689155,1853,567.5377985070401,570.1474983291988,568.8426484181194,2.6096998221587886,-0.004284460458240946
2025-01-02,09:50:00,587.6068,588.89,588.54,588.18,227006,71.61072555205047,3170,576.6628935085787,573.915891753636,575.2893926311073,-2.7470017549427777,0.004971120159075845
2025-01-02,09:51:00,588.16,588.55,588.17,588.4301,123863,71.30857800805987,1737,573.5222612029911,571.3880497789422,572.4551554909666,-2.1342114240489054,0.003915144110623646
2025-01-02,09:52:00,588.2286,589.04,588.45,589.01,166836,78.58502119642016,2123,570.5553451407811,570.1255761807448,570.3404606607629,-0.4297689600363306,0.0009714913548834788
2025-01-02,09:53:00,588.4798,589.35,589.05,589.13,122744,57.303454715219424,2142,570.367684814827,575.5190325388693,572.9433586768481,5.15134772404218,-0.008652920500593278
2025-01-02,09:54:00,588.7893,589.961,589.09,589.925,201799,85.87191489361702,2350,571.8568004139307,577.0232259495152,574.440013181723,5.166425535584493,-0.008661259637528788
2025-01-02,09:55:00,588.6674,590.55,589.91,590.089,169669,75.98253470667264,2233,576.7968191693037,576.4361105875585,576.6164648784311,-0.3607085817453153,0.0008458277532196836
2025-01-02,09:56:00,588.7399,590.39,590.07,590.16,116501,65.23012318029116,1786,572.3271315212055,571.2402036890461,571.7836676051257,-1.0869278321594245,0.002114856097835082
2025-01-02,09:57:00,590.0,590.48,590.17,590.14,195747,100.1775844421699,1954,574.927638585532,572.8237272846409,573.8756829350865,-2.103911300891141,0.003852259733339254
2025-01-02,09:58:00,589.6588,590.259,590.15,589.94,184462,79.95752058951018,2307,572.0943870410864,571.3657359880308,571.7300615145587,-0.7286510530555875,0.001488862837045721
2025-01-02,09:59:00,589.3793,590.21,589.94,590.12,108293,65.2367469879518,1660,574.9093148615505,571.0982916859205,573.0038032737355,-3.811023175630043,0.006814648783485774
2025-01-02,10:00:00,589.86,590.58,590.18,590.23,145800,63.557105492589365,2294,583.9136357024978,581.8390669724856,582.8763513374918,-2.074568730012214,0.0038697073299019426
2025-01-02,10:01:00,589.7889,590.27,590.18,589.99,105839,58.24931205283434,1817,576.5224779632498,575.4102633893574,575.9663706763035,-1.1122145738924263,0.002171552660152009
2025-01-02,10:02:00,589.91,590.45,589.99,590.09,114429,68.68487394957984,1666,573.1903079488936,575.5227269658794,574.3565174573865,2.3324190169858334,-0.003790016934118216
2025-01-02,10:03:00,589.7916,590.27,590.07,589.88,88266,53.20433996383363,1659,576.0950104322682,576.6326059026726,576.3638081674703,0.537595470404391,-0.0007194938974633453
2025-01-02,10:04:00,589.8623,590.58,589.87,590.54,117399,65.43979933110369,1794,574.3160927328154,575.3919040220277,574.8539983774216,1.075811289212312,-0.001657331695969489
2025-01-02,10:05:00,590.1091,591.0414,590.54,590.6,168823,69.3318275154004,2435,577.4612445734435,576.8319447447648,577.1465946591042,-0.629299828678831,0.0012990518608496137
2025-01-02,10:06:00,590.1991,591.15,590.6,590.4911,203247,93.06181318681318,2184,571.3753689278543,573.571151302995,572.4732601154246,2.1957823751406016,-0.003578737584244983
2025-01-02,10:07:00,590.02,590.6902,590.48,590.205,174193,84.47769156159069,2062,573.1860206529876,574.5048291713853,573.8454249121864,1.318808518397666,-0.0020105603216896513
2025-01-02,10:08:00,590.19,590.59,590.22,590.5853,116885,72.28509585652442,1617,572.3990863715007,568.983416771431,570.691251571466,-3.4156696000697044,0.00611923623806622
2025-01-02,10:09:00,590.318,590.71,590.5701,590.49,102776,60.067796610169495,1711,570.1303428321025,572.8618320896003,571.4960874608514,2.731489257497841,-0.004505747126436781
2025-01-02,10:10:00,590.1,590.63,590.48,590.6107,83399,52.75079063883618,1581,574.4696388633699,571.9900173176629,573.2298280905164,-2.4796215457070145,0.004489892371479516
2025-01-02,10:11:00,590.4411,590.94,590.63,590.68,119569,69.76021003500584,1714,573.4330915162009,574.576615508286,574.0048535122434,1.1435239920850853,-0.0017481637991749674
2025-01-02,10:12:00,590.43,590.8,590.6999,590.53,103131,59.786086956521736,1725,572.4183165091495,577.1196747771298,574.7689956431396,4.701358267980428,-0.007875517767604099
2025-01-02,10:13:00,590.24,590.93,590.5299,590.85,126556,75.69138755980862,1672,574.233087893255,571.9691968417187,573.1011423674869,-2.2638910515362958,0.004110459250401704
2025-01-02,10:14:00,590.5633,590.96,590.85,590.6,108826,78.23580158159598,1391,574.067062006002,571.6414187694605,572.8542403877312,-2.425643236541415,0.004387537100497541
2025-01-02,10:15:00,590.49,590.98,590.585,590.671,121466,79.23418134377039,1533,571.5529686600207,572.5593627068323,572.0561656834266,1.0063940468116146,-0.0015251055842327545
2025-01-02,10:16:00,590.51,590.88,590.7,590.58,74969,53.85704022988506,1392,577.3925972153381,571.3715993030836,574.3820982592108,-6.0209979122546144,0.010572471850029793
2025-01-02,10:17:00,589.98,590.6681,590.598,590.04,181215,79.37582128777923,2283,572.5136721204409,575.4074211492338,573.9605466348373,2.8937490287927754,-0.004784524695244091
2025-01-02,10:18:00,589.92,590.5641,590.04,590.11,143279,40.97197597941092,3497,573.3395272074735,578.8590149364015,576.0992710719376,5.519487728928063,-0.009291110753898086
2025-01-02,10:19:00,589.4,590.509,590.12,589.47,112249,26.26321946654188,4274,574.0940504967735,578.1312554542661,576.1126529755198,4.037204957492574,-0.00673099895087825
2025-01-02,10:20:00,585.8075,590.3145,589.46,588.61,270558,55.036208299430434,4916,582.3172610309806,577.4421084037439,579.8796847173622,-4.875152627236779,0.008571818619455801
2025-01-02,10:21:00,587.9235,590.0192,588.64,588.24,163503,36.27756822720213,4507,583.5419310402463,579.0953742226184,581.3186526314323,-4.446556817627846,0.007840742378615902
2025-01-02,10:22:00,587.58,589.967,588.21,587.74,108956,58.01703940362087,1878,578.6458436628956,575.4657684046565,577.055806033776,-3.1800752582390555,0.0057092119130009045
2025-01-02,10:23:00,587.34,589.6264,587.82,587.75,104779,66.90868454661558,1566,578.3754805463428,575.9096868870582,577.1425837167005,-2.465793659284619,0.004465171661043858
2025-01-02,10:24:00,587.4,589.4646,587.75,587.72,115112,68.8468899521531,1672,574.4943826912671,573.2835585365428,573.8889706139049,-1.2108241547242926,0.0023094688221709007
2025-01-02,10:25:00,587.6,588.202,587.72,588.14,155839,76.31684622918708,2042,574.0721666980447,574.2375947392485,574.1548807186466,0.16542804120384066,-7.281862700478782e-05
2025-01-02,10:26:00,587.8672,588.4988,588.13,588.2988,117920,69.32392710170488,1701,569.9627412267796,571.2632107338316,570.6129759803056,1.3004695070519232,-0.002048647892391022
2025-01-02,10:27:00,587.8,588.37,588.2999,588.0,108603,65.3841059602649,1661,574.5348545866635,570.7014264583084,572.618140522486,-3.833428128355004,0.0068415051311288486
2025-01-02,10:28:00,587.31,588.2911,588.01,587.48,124099,65.21229637414609,1903,571.6454592151827,571.7872593151719,571.7163592651773,0.14180009998921686,-2.9900133553929873e-05
2025-01-02,10:29:00,587.46,588.1032,587.47,587.83,44839,40.762727272727275,1100,567.5834803362284,573.7808154236617,570.6821478799451,6.197335087433348,-0.010525941467230895
2025-01-02,10:30:00,587.2,588.0651,587.81,587.22,68431,45.31854304635762,1510,572.7519446160759,569.7910209889719,571.2714828025239,-2.960923627104046,0.005352279004209443
2025-01-02,10:31:00,586.54,587.8084,587.23,586.7,130820,65.8710976837865,1986,577.5097363488042,573.6650861769709,575.5874112628875,-3.844650171833235,0.006862917398945519
2025-01-02,10:32:00,586.69,587.44,586.691,587.42,113856,71.96965865992415,1582,569.2424095737239,569.2234798377116,569.2329447057177,-0.018929736012311533,0.0002520686064989863
2025-01-02,10:33:00,586.9506,587.5405,587.43,587.325,52948,50.18767772511848,1055,570.716138942673,569.2509300017157,569.9835344721943,-1.4652089409573295,0.002758328028856355
2025-01-02,10:34:00,587.1444,587.804,587.1444,587.28,99323,59.65345345345345,1665,569.5551584133284,570.446829772014,570.0009940926712,0.8916713586856193,-0.0013280368559608876
2025-01-02,10:35:00,586.7099,587.5776,587.29,587.06,114646,68.77384523095381,1667,571.6322069382511,567.6885082652213,569.6603576017362,-3.943698673029789,0.0070703627546925
2025-01-02,10:36:00,586.87,587.63,587.075,587.621,82183,65.48446215139442,1255,568.0115055128391,569.0409591856472,568.5262323492432,1.029453672808163,-0.0015526993555065375
2025-01-02,10:37:00,587.0174,588.22,587.58,587.33,114028,61.23952738990333,1862,575.2578657719473,571.7431162026821,573.5004909873147,-3.5147495692651813,0.006397526971973714
2025-01-02,10:38:00,586.99,587.5209,587.32,587.27,68763,52.45080091533181,1311,565.7942696026449,566.0068226561039,565.9005461293743,0.21255305345892334,-0.0001402220607543947
2025-01-02,10:39:00,587.03,587.4765,587.2601,587.204,45270,47.05821205821206,962,566.791822407917,568.309002809189,567.5504126085531,1.517180401271978,-0.002414053865394683
2025-01-02,10:40:00,587.13,587.66,587.1791,587.3396,38734,38.35049504950495,1010,568.975977770761,567.1945942532365,568.0852860119987,-1.781383517524471,0.0033086152737010145
2025-01-02,10:41:00,586.52,587.35,587.31,586.6799,132032,66.68282828282828,1980,576.8636303421326,569.7671040568539,573.3153671994933,-7.096526285278741,0.012516217660077844
2025-01-02,10:42:00,586.33,587.2157,586.67,586.79,81898,58.0014164305949,1412,576.3659595619723,571.5827264570333,573.9743430095028,-4.783233104939027,0.008496124031007753
2025-01-02,10:43:00,586.461,587.1654,586.9457,586.8801,71192,60.53741496598639,1176,573.0361653514407,569.8778328592402,571.4569991053404,-3.1583324922004037,0.005684068302001071
2025-01-02,10:44:00,586.59,587.1407,586.88,587.0599,44555,49.8936170212766,893,567.184802348639,572.7359207849398,569.9603615667894,5.551118436300894,-0.009411364320588506
2025-01-02,10:45:00,586.65,587.22,587.05,587.02,58625,51.515817223198596,1138,571.4151973723322,572.3833254067337,571.899261389533,0.9681280344014427,-0.0014576966382499597
2025-01-02,10:46:00,586.48,587.14,587.01,586.5351,69074,58.73639455782313,1176,568.1617256387212,569.0575362690975,568.6096309539093,0.8958106303761715,-0.0013452797659474426
2025-01-02,10:47:00,586.4,587.0152,586.54,586.74,49864,57.18348623853211,872,572.1654617403021,566.1087802283525,569.1371209843273,-6.056681511949507,0.01072583439196212
2025-01-02,10:48:00,586.606573,587.6671,586.74,587.64,125545,87.48780487804878,1435,571.7621124742834,569.5071584140286,570.6346354441561,-2.2549540602548497,0.0041098286114025885
2025-01-02,10:49:00,586.9606,588.12,587.665,587.989,107036,63.185360094451006,1694,569.9294050442709,568.6540844685634,569.2917447564171,-1.2753205757075268,0.0024197430764942864
2025-01-02,10:50:00,587.218,588.4,587.98,588.03,128173,134.49422875131165,953,574.4949773175176,570.226142676533,572.3605599970252,-4.268834640984643,0.0075978075978075975
2025-01-02,10:51:00,587.3606,588.48,588.0,588.4,92541,65.67849538679914,1409,569.6602565547594,571.0494188605319,570.3548377076456,1.389162305772482,-0.0021740319404944214
2025-01-02,10:52:00,587.4086,588.785,588.0975,588.3225,77550,55.551575931232094,1396,571.158998584519,573.096818147955,572.1279083662371,1.9378195634358937,-0.0031236258320823666
2025-01-02,10:53:00,587.17,588.4748,588.27,587.65,73706,49.006648936170215,1504,577.380182890343,573.745042658328,575.5626127743355,-3.6351402320149786,0.006512237334871759
2025-01-02,10:54:00,587.5688,588.46,588.1166,588.45,50551,52.602497398543186,961,575.3803647651199,569.6824240430279,572.5313944040739,-5.697940722091892,0.010082053072625698
2025-01-02,10:55:00,587.6427,588.58,588.43,588.084,39107,43.452222222222225,900,569.6626557967953,570.8340522654952,570.2483540311453,1.1713964686998395,-0.001808551866683891
2025-01-02,10:56:00,587.7111,588.3198,588.1828,588.1999,26068,41.57575757575758,627,565.538424569627,569.9483680700873,567.7433963198572,4.409943500460367,-0.007427855882520348
2025-01-02,10:57:00,587.8124,588.27,588.2,588.0,32125,44.61805555555556,720,567.5742204967888,571.7554074212511,569.66481395902,4.181186924462265,-0.006997477452572653
2025-01-02,10:58:00,587.69,588.15,587.98,587.755,51645,55.772138228941685,926,567.1810485743865,570.1404300623968,568.6607393183916,2.959381488010297,-0.004915930464519806
2025-01-02,10:59:00,587.23,588.0581,587.77,587.5565,112529,99.49513704686119,1131,568.8226757320507,570.4058169673897,569.6142463497201,1.58314123533904,-0.0025177518912145543
2025-01-02,11:00:00,587.35,587.8672,587.61,587.436,80752,75.46915887850467,1070,568.4574488529934,574.073251879242,571.2653503661177,5.615803026248571,-0.009234844827372773
2025-01-02,11:01:00,587.22,587.9312,587.42,587.435,61817,59.553949903660886,1038,567.4615349531236,572.3690700751711,569.9153025141474,4.907535122047355,-0.008301313299306074
2025-01-02,11:02:00,586.27,587.6984,587.42,586.46,117757,60.20296523517382,1956,576.2345942075111,573.1227204894265,574.6786573484687,-3.11187371808473,0.005590345902652727
2025-01-02,11:03:00,585.85,587.0501,586.44,585.9399,123088,39.89886547811994,3085,576.1673097968352,573.9131363889686,575.0402230929019,-2.254173407866516,0.004138379191819006
2025-01-02,11:04:00,585.2,586.9121,585.925,585.63,452529,150.44182180851064,3008,577.0199897229515,571.9205207613652,574.4702552421584,-5.099468961586292,0.009040911435791167
2025-01-02,11:05:00,585.5101,586.6206,585.65,585.7688,91458,74.59869494290375,1226,573.3870479160023,568.0477858484215,570.7174168822119,-5.3392620675808145,0.009497736632926287
2025-01-02,11:06:00,585.5618,586.3651,585.75,585.99,203784,127.2059925093633,1602,568.0368521751523,570.3411543805893,569.1890032778708,2.30430220543699,-0.0037697549659272147
2025-01-02,11:07:00,585.53,586.07,585.93,585.77,68148,56.60132890365448,1204,565.8239204166999,567.5059295819678,566.664924999334,1.6820091652678977,-0.0027039145617348535
2025-01-02,11:08:00,585.49,586.2548,585.8643,585.53,68996,49.212553495007135,1402,569.4334731280981,566.6283189407775,568.0308960344378,-2.8051541873206367,0.0051016341171781585
2025-01-02,11:09:00,585.505,586.1759,585.505,585.96,61894,64.74267782426779,956,569.0110342447791,568.2832210244447,568.6471276346119,-0.7278132203343042,0.0014895590343160675
2025-01-02,11:10:00,585.37,586.0793,585.9325,585.67,134970,85.6952380952381,1575,571.1426063569052,567.865902453497,569.5042544052011,-3.2767039034080647,0.0059665871121718375
2025-01-02,11:11:00,585.559075,586.2,585.68,586.15,100728,76.65753424657534,1314,579.6174793124429,569.8591381198661,574.7383087161545,-9.758341192576818,0.017021929151970556
2025-01-02,11:12:00,585.7828,586.3,586.1738,585.915,107808,74.14580467675378,1454,568.4356620373537,569.4555741944312,568.9456181158924,1.0199121570773757,-0.001560388425261574
2025-01-02,11:13:00,585.7948,586.17,585.93,586.12,45654,65.68920863309353,695,571.2500188784229,569.4220722546798,570.3360455665514,-1.8279466237430946,0.003372851574334013
2025-01-02,11:14:00,585.8939,586.76,586.1162,586.46,72846,62.42159383033419,1167,569.2377878244814,568.272846068209,568.7553169463451,-0.9649417562724014,0.001878193619665792
2025-01-02,11:15:00,585.988,586.54,586.45,586.26,89100,87.26738491674828,1021,568.5383532555809,569.9893998634733,569.2638765595271,1.4510466078924054,-0.0023046580685192573
2025-01-02,11:16:00,585.9998,586.79,586.23,586.51,62573,61.58759842519685,1016,569.3966878426012,568.9282642434964,569.1624760430489,-0.46842359910471365,0.0010089991818925553
2025-01-02,11:17:00,586.0634,586.7,586.48,586.53,63104,74.50295159386069,847,566.7485633849466,568.9811739670448,567.8648686759957,2.232610582098203,-0.0036797596340495922
2025-01-02,11:18:00,586.34,586.6499,586.52,586.63,44598,58.992063492063494,756,568.2954813877653,566.6643489727187,567.479915180242,-1.6311324150465973,0.003050053557488063
2025-01-02,11:19:00,586.1252,587.09,586.6188,586.96,86787,71.96268656716418,1206,568.9687524727203,571.1995858592304,570.0841691659754,2.230833386510114,-0.003635714401649056
2025-01-02,11:20:00,586.35,587.08,586.97,586.43,92847,70.87557251908397,1310,572.6238770795476,576.9843240502049,574.8041005648762,4.360446970657426,-0.007304997931201758
2025-01-02,11:21:00,586.22,586.7794,586.4201,586.37,50255,58.84660421545667,854,570.5167559290438,576.2199652320576,573.3683605805506,5.703209303013715,-0.009650162837117858
2025-01-02,11:22:00,586.0,586.6249,586.3512,586.12,59973,64.6957928802589,927,567.5012685923369,573.0518117860543,570.2765401891957,5.550543193717277,-0.009409415466537577
2025-01-02,11:23:00,586.09,586.94,586.1425,586.9284,42404,49.945818610129564,849,574.67513936719,568.0780856865749,571.3766125268825,-6.597053680615099,0.011647349692024066
2025-01-02,11:24:00,586.4186,587.7,586.92,587.375,134184,70.66034755134281,1899,573.9204252807124,572.7339062365486,573.3271657586305,-1.1865190441637663,0.0022986495433932564
2025-01-02,11:25:00,586.7416,587.49,587.36,587.217,64661,65.77924720244151,983,573.5211885502988,570.3149341345043,571.9180613424015,-3.206254415794513,0.005772102622615232
2025-01-02,11:26:00,586.8151,587.64,587.18,587.59,63659,62.84205330700888,1013,567.3163268941622,569.3208743544486,568.3186006243054,2.004547460286331,-0.003247456159341849
2025-01-02,11:27:00,586.9207,587.63,587.6,587.32,47387,57.16164053075995,829,571.4553506321947,570.4574125306661,570.9563815814305,-0.9979381015285903,0.0019386912874061846
2025-01-02,11:28:00,586.9545,587.6,587.33,587.6,32691,45.40416666666667,720,571.2539289892119,567.3411934058316,569.2975611975218,-3.9127355833802695,0.0069987194771934476
2025-01-02,11:29:00,587.3625,587.65,587.6,587.54,26434,39.87028657616893,663,571.5201349036905,567.5572374070338,569.5386861553621,-3.9628974966567347,0.007067475287713098
2025-01-02,11:30:00,587.1249,587.8099,587.54,587.49,54538,57.10785340314136,955,567.6500634814568,572.4966996324757,570.0733815569663,4.8466361510190445,-0.008201742444867955
2025-01-02,11:31:00,587.12,587.6071,587.48,587.339,34763,44.797680412371136,776,565.9783827192475,573.0549136161649,569.5166481677062,7.076530896917283,-0.01206066881890723
2025-01-02,11:32:00,587.14,587.4925,587.32,587.36,30765,43.088235294117645,714,567.6472437931678,573.1747453798768,570.4109945865223,5.527501586708979,-0.009358212638332605
2025-01-02,11:33:00,587.06,587.67,587.345,587.65,49100,62.468193384223916,786,566.6546053956317,570.4434198360352,568.5490126158335,3.7888144404035424,-0.006364892592437502
2025-01-02,11:34:00,587.3878,587.7897,587.68,587.595,33904,42.80808080808081,792,569.5924294611324,569.5830670641401,569.5877482626362,-0.009362396992366993,0.0002319692254160948
2025-01-02,11:35:00,587.4178,588.0,587.64,587.9559,35070,47.58480325644505,737,568.072954081809,569.1452283807614,568.6090912312852,1.0722742989523184,-0.0016576436771474422
2025-01-02,11:36:00,587.4956,588.1,587.99,587.8988,44432,49.923595505617975,890,568.6176698618292,573.9321123029088,571.274891082369,5.314442441079609,-0.008895630840683934
2025-01-02,11:37:00,587.52,587.8908,587.89,587.715,40756,51.91847133757962,785,568.329934933375,572.1359789215304,570.2329569274526,3.8060439881555364,-0.006402632413574374
2025-01-02,11:38:00,587.5695,587.89,587.72,587.7188,32672,46.541310541310544,702,569.5958338643068,573.9309460766962,571.7633899705015,4.33511221238938,-0.007296817243531276
2025-01-02,11:39:00,587.6888,588.36,587.7,587.97,105614,63.090800477897254,1674,568.2980148062686,574.8943882319007,571.5962015190847,6.596373425632151,-0.011117417940537472
2025-01-02,11:40:00,587.791,588.54,587.97,588.35,52695,53.551829268292686,984,575.418459595441,580.1512333915186,577.7848464934798,4.732773796077626,-0.007894627498234096
2025-01-02,11:41:00,587.8309,588.46,588.36,588.28,74723,81.8433734939759,913,577.1624440368024,579.3655106193929,578.2639773280977,2.2030665825905014,-0.0035929531757070005
2025-01-02,11:42:00,587.9525,588.3036,588.275,588.2,47679,56.358156028368796,846,573.2856319296104,578.048494303733,575.6670631166718,4.762862374122673,-0.00798845539349585
2025-01-02,11:43:00,587.82,588.2388,588.1881,587.95,41757,55.82486631016043,748,570.0636664608571,575.9881851859737,573.0259258234155,5.924518725116566,-0.010038075458636206
2025-01-02,11:44:00,587.8556,588.1877,587.9888,587.93,62781,69.29470198675497,906,573.8487180944647,575.8129335498714,574.8308258221681,1.9642154554066855,-0.003184538516444298
2025-01-02,11:45:00,587.78,588.1649,587.94,587.96,62437,73.02573099415204,855,577.7428330562811,574.4662125385894,576.1045227974353,-3.2766205176917595,0.005840924933298079
2025-01-02,11:46:00,587.77,588.0533,587.97,587.995,35753,50.57001414427157,707,574.5439678052611,570.8315136762204,572.6877407407408,-3.7124541290407014,0.00662163599617062
2025-01-02,11:47:00,587.88,588.15,587.99,588.105,35413,50.1600566572238,706,573.9298517523986,574.1428776817431,574.0363647170708,0.2130259293446337,-0.0001702948939914285
2025-01-02,11:48:00,587.9596,588.544,588.1093,588.46,48563,49.55408163265306,980,573.6591534761511,573.7979107070964,573.7285320916237,0.13875723094526732,-4.301537799763416e-05
2025-01-02,11:49:00,588.0332,588.68,588.455,588.59,46023,50.966777408637874,903,575.0264275615746,571.6581040255971,573.3422657935859,-3.368323535977379,0.00599481121382333
2025-01-02,11:50:00,588.1503,588.63,588.59,588.515,69321,64.18611111111112,1080,570.751142366442,572.8303637877644,571.7907530771032,2.0792214213224387,-0.003413059583024659
2025-01-02,11:51:00,588.1812,588.77,588.5,588.73,69200,93.01075268817205,744,570.5921544531791,571.6743971567122,571.1332758049456,1.0822427035330262,-0.0016860821581851624
2025-01-02,11:52:00,588.18,588.76,588.5322,588.24,42930,47.33186328555678,907,571.1265328135153,575.507371539961,573.3169521767381,4.380838726445744,-0.007388057732393994
2025-01-02,11:53:00,588.08,588.4932,588.25,588.2006,36597,47.03984575835476,778,572.13859199169,570.6275000618307,571.3830460267603,-1.5110919298592733,0.0027926635972526227
2025-01-02,11:54:00,587.33,588.4496,588.2,587.705,126366,66.02194357366771,1914,571.0878775842333,570.7948636683354,570.9413706262843,-0.29301391589777537,0.0006878158338012352
2025-01-02,11:55:00,587.648952,588.1443,587.71,587.84,29378,40.91643454038997,718,576.4154610824068,575.4120462391961,575.9137536608015,-1.0034148432105527,0.001928547321729907
2025-01-02,11:56:00,587.6594,588.1412,587.84,587.75,42797,62.295487627365354,687,571.4815507623651,572.6772878107389,572.079419286552,1.1957370483737162,-0.0018895898136573738
2025-01-02,11:57:00,587.61,588.1225,587.749,587.82,38707,53.0960219478738,729,568.8632718169505,574.150896623452,571.5070842202012,5.287624806501548,-0.008980194365850657
2025-01-02,11:58:00,587.67,588.1,587.78,588.01,44715,62.19054242002782,719,568.4466330691346,573.7221214550785,571.0843772621066,5.275488385944015,-0.00895480621239681
2025-01-02,11:59:00,587.7251,588.09,588.0141,587.88,30836,54.2887323943662,568,569.4557005845586,574.6393724219956,572.0475365032771,5.1836718374370525,-0.008776445153652133
2025-01-02,12:00:00,587.72,588.02,587.89,587.7397,30395,47.12403100775194,645,571.4447585813707,577.1904419455038,574.3176002634373,5.745683364133213,-0.009736437820474451
2025-01-02,12:01:00,587.65,587.99,587.72,587.94,36722,53.45269286754003,687,570.8988990347577,575.7421740608148,573.3205365477863,4.843275026057008,-0.008195023134826547
2025-01-02,12:02:00,587.398,588.06,587.95,587.6588,77301,64.20348837209302,1204,569.9949203636081,574.4202997436097,572.2076100536088,4.425379380001554,-0.007470819578917442
2025-01-02,12:03:00,587.4,587.95,587.65,587.921,39007,61.428346456692914,635,574.6240840300561,577.3112276431368,575.9676558365965,2.687143613080749,-0.004437013696868369
2025-01-02,12:04:00,587.6155,588.2673,587.94,588.265,47563,66.80196629213484,712,572.3932768250858,576.6812006369427,574.5372387310142,4.287923811856933,-0.0072087300206318825
2025-01-02,12:05:00,587.7814,588.26,588.26,588.02,22744,40.25486725663717,565,575.5113925766642,576.398938855647,575.9551657161555,0.8875462789827973,-0.0013257261901943609
2025-01-02,12:06:00,587.7,588.2299,587.995,587.7555,31131,50.86764705882353,612,572.4599011112498,571.478241728056,571.9690714196529,-0.9816593831939069,0.0018784109658586115
2025-01-02,12:07:00,587.46,587.8456,587.74,587.59,27592,37.18598382749326,742,569.910212196203,574.1536921031247,572.0319521496639,4.24347990692177,-0.007152109027425804
2025-01-02,12:08:00,587.26,587.8105,587.63,587.52,62670,80.96899224806202,774,572.0045962113659,572.4092874602001,572.206941835783,0.40469124883414276,-0.000506544224578833
2025-01-02,12:09:00,587.39,587.719,587.5088,587.47,29484,58.61630218687873,503,571.948041410344,570.9856832421964,571.4668623262702,-0.9623581681476419,0.001854266261045922
2025-01-02,12:10:00,587.42,587.85,587.47,587.8388,29195,44.984591679506934,649,571.2967663294456,566.8020338509783,569.049400090212,-4.494732478467255,0.007987744829850093
2025-01-02,12:11:00,587.6027,588.07,587.86,587.79,30229,45.6631419939577,662,570.4259928634788,569.2205257640513,569.823259313765,-1.2054670994274654,0.0022796352583586625
2025-01-02,12:12:00,587.5814,588.09,587.805,588.055,16373,38.43427230046948,426,570.6084761480628,569.443765226731,570.0261206873969,-1.1647109213318314,0.002214041826717883
2025-01-02,12:13:00,587.6516,588.69,588.06,588.591,47576,57.94884287454324,821,571.0996359945328,568.0625755748513,569.5811057846921,-3.037060419681621,0.005446020924185656
2025-01-02,12:14:00,587.9598,588.6299,588.6,588.32,26519,49.38361266294227,537,578.8179777050522,575.6771579055021,577.2475678052772,-3.1408197995500102,0.00558682337361364
2025-01-02,12:15:00,588.06,588.3997,588.28,588.29,39813,56.47234042553192,705,572.3025363833564,570.8023598895682,571.5524481364622,-1.5001764937882076,0.0027872468417886507
2025-01-02,12:16:00,587.81,588.3489,588.27,587.81,34871,59.103389830508476,590,574.2168683168902,570.0358689273547,572.1263686221224,-4.180999389535456,0.00742772483382718
2025-01-02,12:17:00,587.64,588.1701,587.81,587.725,60812,67.04740904079382,907,574.3807185679448,570.5663350155805,572.4735267917627,-3.8143835523641783,0.006798272034146257
2025-01-02,12:18:00,587.57,588.0165,587.72,587.6,54640,55.8120531154239,979,575.8472955808913,572.4690066899086,574.1581511354,-3.378288890982757,0.006040332600592564
2025-01-02,12:19:00,587.41,587.9399,587.58,587.6088,74284,71.3583093179635,1041,572.4858531147023,572.5771485230568,572.5315008188796,0.09129540835454528,0.00010015223139171541
2025-01-02,12:20:00,586.88,587.8148,587.62,586.88,77502,56.201595358955764,1379,571.3809744518989,567.5855954235054,569.4832849377021,-3.7953790283934348,0.006772525511371436
2025-01-02,12:21:00,586.59,587.6996,586.88,587.185,85160,71.98647506339815,1183,570.2426529070042,573.6832486342669,571.9629507706355,3.440595727262709,-0.005762120460329401
2025-01-02,12:22:00,586.88,587.3454,587.21,586.96,179970,238.6870026525199,754,569.6939918999526,570.8580900494815,570.276040974717,1.1640981495289093,-0.0017919294255487783
2025-01-02,12:23:00,586.55,587.473,586.97,586.68,42180,53.460076045627375,789,570.7206338028169,569.5202236707919,570.1204287368043,-1.2004101320250269,0.0022547124891465703
2025-01-02,12:24:00,586.27,587.4235,586.67,586.44,44017,54.74751243781095,804,569.3164112543697,565.6784353991819,567.4974233267758,-3.637975855187738,0.00650512043848262
2025-01-02,12:25:00,586.1,594.3,586.4432,586.215,185301,151.38970588235293,1224,573.2733431208054,568.0078547459252,570.6405989333653,-5.265488374880153,0.009305371529522852
2025-01-02,12:26:00,585.77,587.008,586.19,585.9,76291,57.66515495086924,1323,569.1885881328195,567.888908171884,568.5387481523518,-1.299679960935438,0.0024300847173180456
2025-01-02,12:27:00,584.92,586.1201,585.9,585.05,151059,56.15576208178439,2690,576.5321990049752,570.570052039801,573.551125522388,-5.96214696517413,0.01049723199790257
2025-01-02,12:28:00,584.82,586.5729,585.08,585.0287,159436,89.7220033764772,1777,577.9949185715329,572.4088437522822,575.2018811619075,-5.586074819250712,0.009839212862970962
2025-01-02,12:29:00,584.21,585.9932,585.0,584.4895,197787,88.21900089206066,2242,576.3256003989871,572.8933749371254,574.6094876680563,-3.4322254618617696,0.006119529054834428
2025-01-02,12:30:00,583.85,585.4666,584.47,584.0105,175869,63.35338616714697,2776,576.3524915336236,571.1986396971303,573.775565615377,-5.153851836493346,0.009121351265257286
2025-01-02,12:31:00,583.51,585.8075,584.03,584.16,362872,138.23695238095237,2625,577.2203106152691,573.1799078683524,575.2001092418108,-4.040402746916687,0.007185638106556993
2025-01-02,12:32:00,583.77,584.9781,584.1562,583.865,241950,105.83989501312335,2286,573.4609189749448,569.1614594240145,571.3111891994796,-4.299459550930186,0.007712440735417159
2025-01-02,12:33:00,583.38,584.6192,583.8588,583.674,172488,85.72962226640159,2012,569.3480506488248,568.6846536404508,569.0163521446378,-0.6633970083739958,0.0013640792465086067
2025-01-02,12:34:00,583.38,584.4846,583.66,583.71,160735,87.16648590021693,1844,567.7260037292832,567.9392721647552,567.8326379470192,0.21326843547194183,-0.0001801553575024109
2025-01-02,12:35:00,583.45,584.4334,583.69,583.58,138189,80.76504967855055,1711,571.4445321012945,567.6648388397333,569.5546854705138,-3.7796932615612606,0.006771784232365145
2025-01-02,12:36:00,583.25,583.8408,583.59,583.4321,139411,73.64553618594823,1893,567.4281085631474,566.0620112100934,566.7450598866203,-1.3660973530540046,0.002569384215091067
2025-01-02,12:37:00,582.51,583.9064,583.41,582.6289,272417,78.32576193214491,3478,572.8312652109129,569.0877093163515,570.9594872636321,-3.7435558945613225,0.0066963884444604235
2025-01-02,12:38:00,582.14,583.6533,582.61,582.57,197970,85.07520412548345,2327,572.7146520105849,571.9223024112215,572.3184772109032,-0.7923495993634228,0.0015816269232209036
2025-01-02,12:39:00,582.1619,583.5308,582.59,582.3399,195931,124.79681528662421,1570,565.5662654021436,569.2517598531522,567.4090126276479,3.6854944510085237,-0.00622729075338428
2025-01-02,12:40:00,581.91,583.3127,582.3399,582.18,203194,76.88006053726825,2643,567.9269750632454,566.2741673785196,567.1005712208824,-1.652807684725827,0.00307851463754453
2025-01-02,12:41:00,582.06,583.2271,582.195,582.29,213539,92.44112554112554,2310,568.7380512472978,568.0163755447277,568.3772133960127,-0.7216757025700854,0.0014532480529086717
2025-01-02,12:42:00,581.42,583.0131,582.31,581.76,200156,72.15428983417448,2774,572.881710788701,569.0306638717477,570.9561873302243,-3.851046916953224,0.006904167924618245
2025-01-02,12:43:00,581.6931,582.638,581.74,582.2743,164136,87.35284725918042,1879,563.3181356750558,566.3243399320015,564.8212378035287,3.006204256945702,-0.0050699032109387
2025-01-02,12:44:00,582.0011,582.5352,582.28,582.1999,137395,77.75608375778155,1767,564.7918358435367,565.7710399826633,565.2814379131,0.9792041391266659,-0.0015324741188273818
2025-01-02,12:45:00,581.823,582.29,582.215,582.2,134970,78.97600936220012,1709,567.0655854037781,564.6250790132442,565.8453322085112,-2.4405063905338493,0.004451371291458301
2025-01-02,12:46:00,581.85,587.4,582.16,582.08,232236,174.61353383458646,1330,562.5797068904385,568.0302813980725,565.3049941442555,5.450574507633957,-0.009311820444522074
2025-01-02,12:47:00,581.73,582.13,582.07,582.0,112212,70.52922690131993,1591,565.1844134643638,567.0262268873726,566.1053201758682,1.8418134230086955,-0.002986989999114966
2025-01-02,12:48:00,581.49,582.116,581.97,581.72,116660,73.27889447236181,1592,562.38106194327,566.7197379691584,564.5503999562142,4.338676025888374,-0.007398634526961126
2025-01-02,12:49:00,581.3,582.0951,581.71,581.3101,102977,69.25151311365165,1487,561.3620794969357,568.7459046152952,565.0539920561155,7.383825118359523,-0.012698600200815074
2025-01-02,12:50:00,580.94,581.94,581.3,581.875,273245,82.17894736842105,3325,567.9004300789286,568.3341739089622,568.1173019939454,0.4337438300335584,-0.0005477929501429025
2025-01-02,12:51:00,581.392,582.4199,581.8763,582.39,124583,68.22727272727273,1826,568.2859117001874,572.5559086744943,570.4209101873408,4.269996974306822,-0.007225777898822087
2025-01-02,12:52:00,581.6713,582.759,582.3906,582.3899,192941,86.36571172784244,2234,567.8368704766191,569.8090728240898,568.8229716503544,1.9722023474706567,-0.0032620687031612583
2025-01-02,12:53:00,581.8831,585.8075,582.3688,582.61,254441,161.54984126984127,1575,564.3937052176803,564.7164777888556,564.5550915032679,0.3227725711753628,-0.0003724100573285785
2025-01-02,12:54:00,581.9693,582.76,582.63,582.2,132039,83.94087730451366,1573,567.4489589155795,563.9694206768577,565.7091897962185,-3.4795382387218683,0.006266992304502097
2025-01-02,12:55:00,582.0071,582.66,582.2,582.24,159623,93.73047563123899,1703,568.1981543601885,565.0408281149736,566.6194912375811,-3.157326245214967,0.005713643009785176
2025-01-02,12:56:00,582.019,582.92,582.27,582.9099,105553,76.26661849710983,1384,567.6911852998586,565.113828902201,566.4025071010299,-2.57735639765767,0.004679162676152688
2025-01-02,12:57:00,582.4732,583.02,582.91,582.66,131503,86.68622280817402,1517,565.0370502703119,566.4382620615439,565.7376561659279,1.4012117912321607,-0.0022531029003815947
2025-01-02,12:58:00,582.2276,582.98,582.65,582.89,192128,121.13997477931905,1586,569.4927160858184,568.9578093722732,569.2252627290459,-0.534906713545142,0.0011201708911871206
2025-01-02,12:59:00,582.2919,583.27,582.91,582.8601,144837,80.06467661691542,1809,565.7778737771223,568.9807371259348,567.3793054515286,3.2028633488125555,-0.005376595993908867
2025-01-02,13:00:00,582.22,582.9173,582.88,582.33,171238,100.49178403755869,1704,567.4330896446651,567.0892348994938,567.2611622720794,-0.34385474517127834,0.0007997600719784065
2025-01-02,13:01:00,581.86,582.7147,582.3143,581.97,176901,90.62551229508196,1952,569.7050232164478,568.0382611762217,568.8716421963347,-1.6667620402261694,0.0031258948172186696
2025-01-02,13:02:00,581.7101,582.6097,581.96,581.8492,140648,59.977825159914715,2345,565.9373692402718,565.7594580605312,565.8484136504014,-0.1779111797405806,0.0006786818490309932
2025-01-02,13:03:00,581.64,594.3,581.845,581.739,219500,135.5775169857937,1619,563.8234494274809,566.3274821428571,565.0754657851691,2.5040327153762267,-0.004177074660005551
2025-01-02,13:04:00,581.25,582.4445,581.73,581.5,104035,64.77895392278954,1606,567.0512438983336,565.2653612747573,566.1583025865455,-1.7858826235762777,0.003339906756186807
2025-01-02,13:05:00,581.44,586.4,581.5,581.8,217396,131.83505154639175,1649,563.957076515066,565.6566964225257,564.8068864687958,1.6996199074596547,-0.002651058702014116
2025-01-02,13:06:00,581.6661,582.18,581.78,582.13,99615,75.4659090909091,1320,562.1728812689287,567.6029965094194,564.887938889174,5.430115240490735,-0.009307067881465602
2025-01-02,13:07:00,581.8095,582.54,582.1289,582.53,93129,70.33912386706949,1324,564.6761310834659,566.4073796432687,565.5417553633672,1.7312485598028207,-0.002835679078330067
2025-01-02,13:08:00,582.1677,585.8075,582.51,582.52,213222,179.93417721518986,1185,565.6153281286687,567.2419904907255,566.4286593096971,1.6266623620568208,-0.002666985112650267
2025-01-02,13:09:00,582.1453,583.09,582.51,582.65,174676,85.75159548355424,2037,566.6213368841882,567.5420281622429,567.0816825232155,0.9206912780547051,-0.0014150457960275806
2025-01-02,13:10:00,581.91,582.748,582.66,582.0073,143214,74.47425897035882,1923,566.34779676259,566.7710770707758,566.5594369166829,0.42328030818588375,-0.000543928399243445
2025-01-02,13:11:00,581.78,582.4377,581.99,581.83,79150,68.23275862068965,1160,562.5366226547148,567.8203800909849,565.1785013728498,5.283757436270156,-0.009034327703443737
2025-01-02,13:12:00,581.5201,582.4257,581.82,581.74,100780,72.7653429602888,1385,569.2292743748145,564.2172672783048,566.7232708265597,-5.012007096509705,0.008965002011378656
2025-01-02,13:13:00,581.54,582.0942,581.74,581.635,58979,64.10760869565217,920,563.9210496374344,566.8270664236209,565.3740580305276,2.9060167861864508,-0.00489256737472989
2025-01-02,13:14:00,581.55,582.0707,581.65,581.6501,83742,73.00959023539669,1147,565.6025368748784,566.3201980930143,565.9613674839463,0.7176612181358241,-0.0010682069947776547
2025-01-02,13:15:00,581.08,582.1221,581.69,581.4192,150392,79.91073326248672,1882,564.8136372023439,566.1046970452562,565.4591671238001,1.2910598429123552,-0.0020283204239189686
2025-01-02,13:16:00,581.24,581.6999,581.38,581.59,81656,72.51865008880995,1126,564.1945776501911,567.5805451354286,565.8875613928099,3.385967485237465,-0.0056692770537901
2025-01-02,13:17:00,581.4,581.9947,581.57,581.405,182916,115.18639798488665,1588,568.1653323936741,566.0781507247876,567.1217415592308,-2.0871816688865037,0.003833530261257713
2025-01-02,13:18:00,581.39,581.97,581.4,581.97,101825,70.36973047684866,1447,569.611857154901,566.0483710375449,567.830114096223,-3.563486117356115,0.006415831420465076
2025-01-02,13:19:00,581.6972,581.97,581.9688,581.8405,71496,69.01158301158301,1036,570.1896084558823,566.1100367647059,568.1498226102941,-4.07957169117647,0.007288833631206776
2025-01-02,13:20:00,581.5832,582.58,581.85,582.28,123853,70.53132118451025,1756,571.9720305429203,568.1975736386066,570.0848020907634,-3.774456904313661,0.006741466535549684
2025-01-02,13:21:00,581.6,582.42,582.38,581.76,77936,59.996920708237106,1299,571.1091376940636,565.6298283754228,568.3694830347432,-5.479309318640867,0.009742780878427566
2025-01-02,13:22:00,581.61,582.2038,581.77,582.04,77464,60.33021806853583,1284,569.323543432513,566.0311537674636,567.6773485999884,-3.292389665049395,0.0059359510877630365
2025-01-02,13:23:00,581.7626,582.32,582.03,582.0799,84275,70.81932773109244,1190,564.7483603867659,567.8500506554949,566.2992055211304,3.101690268728993,-0.005232463955937146
2025-01-02,13:24:00,581.76,582.14,582.07,581.8411,66000,53.789731051344745,1227,565.0322667650586,569.5278509362605,567.2800588506595,4.4955841712019184,-0.007664917541229385
2025-01-02,13:25:00,581.58,582.1001,581.83,581.825,80134,59.98053892215569,1336,564.4734142346867,566.600205736925,565.5368099858059,2.1267915022383055,-0.0035383346026910383
2025-01-02,13:26:00,581.52,582.01,581.85,581.5927,57731,56.32292682926829,1025,564.3899896354214,567.6280803709428,566.0090350031821,3.238090735521411,-0.005473170370918236
2025-01-02,13:27:00,581.51,582.1146,581.58,582.07,59885,70.70247933884298,847,564.7768319345244,567.2227696417407,565.9998007881326,2.4459377072163386,-0.004084463625154131
2025-01-02,13:28:00,581.8213,582.16,582.0483,581.9095,56303,61.53333333333333,915,567.1113266031565,565.6838039040442,566.3975652536004,-1.427522699112348,0.002682182058265247
2025-01-02,13:29:00,581.81,582.38,581.89,582.35,49565,56.77548682703322,873,571.3008142771258,565.389932755895,568.3453735165104,-5.910881521230879,0.010489668580729755
2025-01-02,13:30:00,581.515,582.33,582.33,581.53,85820,51.42001198322349,1669,568.3907368602393,568.767302355447,568.5790196078432,0.37656549520766774,-0.00047668229125287997
2025-01-02,13:31:00,580.75,585.8075,581.52,580.855,299682,101.00505561172902,2967,571.1400449966505,568.975292541426,570.0576687690383,-2.1647524552245407,0.003954592574580544
2025-01-02,13:32:00,580.75,581.5651,580.855,580.92,112683,64.06083001705514,1759,569.9189609180644,573.9177923120135,571.9183766150389,3.9988313939491213,-0.006761029232939345
2025-01-02,13:33:00,580.75,581.5878,580.915,581.155,76474,58.780937740199846,1301,570.3376750195998,570.2839353639769,570.3108051917884,-0.05373965562298557,0.0002790301499419911
2025-01-02,13:34:00,580.86,581.4595,581.15,580.94,59544,57.36416184971098,1038,566.4371723810009,567.7520442542497,567.0946083176253,1.3148718732487645,-0.0021202509825553333
2025-01-02,13:35:00,580.791,581.4155,580.94,581.115,68941,59.176824034334764,1165,568.4213709747193,566.3843556955235,567.4028633351214,-2.0370152791957223,0.0037206690184102913
2025-01-02,13:36:00,581.0218,581.85,581.1,581.7697,147853,76.29153766769866,1938,567.3980408033153,571.6786160025503,569.5383284029327,4.280575199234938,-0.007260981912144703
2025-01-02,13:37:00,581.12,582.04,581.78,581.88,548203,405.7757216876388,1351,568.9530010166671,569.6809237807696,569.3169623987184,0.7279227641024061,-0.0010770983905964628
2025-01-02,13:38:00,581.28,581.96,581.9,581.36,116038,76.49176005273566,1517,570.3183669450884,564.8478376790422,567.5831023120653,-5.470529266046305,0.009725179020708342
2025-01-02,13:39:00,581.29,581.7557,581.32,581.33,90533,71.11783189316576,1273,569.676732387724,565.925845606907,567.8012889973155,-3.7508867808169484,0.006715978508868772
2025-01-02,13:40:00,581.01,581.5184,581.32,581.05,95045,65.14393420150788,1459,569.4238354253836,566.721509277404,568.0726723513939,-2.7023261479794503,0.004886868108262925
2025-01-02,13:41:00,580.88,581.345,581.0501,581.23,95490,69.39680232558139,1376,567.2596210182412,566.1050304020329,566.6823257101371,-1.1545906162083674,0.0021942359817823096
2025-01-02,13:42:00,581.04,581.4557,581.2138,581.11,72826,69.42421353670161,1049,565.636044644324,567.7103400689995,566.6731923566617,2.074295424675538,-0.003440223510278971
2025-01-02,13:43:00,581.11,582.0,581.14,581.775,165986,82.95152423788106,2001,564.9303721029432,570.9117901322337,567.9210811175885,5.981418029290488,-0.01024974736538184
2025-01-02,13:44:00,581.5464,582.39,581.76,582.32,296612,84.697886921759,3502,566.6632011975297,572.9443838364839,569.8037925170069,6.281182638954199,-0.010712015257469803
2025-01-02,13:45:00,581.6238,582.3,582.26,581.958,105089,87.720367278798,1198,568.7274536276121,573.9761571573922,571.3518053925021,5.248703529780074,-0.00888985685152553
2025-01-02,13:46:00,581.6799,582.15,581.97,581.9154,89768,89.41035856573706,1004,567.750628039082,571.5413965007953,569.6460122699386,3.790768461713247,-0.006352567496029645
2025-01-02,13:47:00,581.69,582.07,581.93,581.82,73585,78.70053475935829,935,565.4281500327583,567.8917036470846,566.6599268399214,2.463553614326272,-0.00410591029140866
2025-01-02,13:48:00,581.03,581.89,581.82,581.065,63546,58.29908256880734,1090,565.8405314904801,565.9249053678459,565.882718429163,0.08437387736580386,3.843345247703601e-05
2025-01-02,13:49:00,580.98,581.9145,581.06,581.28,133602,76.47510017172296,1747,567.3544257104015,568.4418201863457,567.8981229483736,1.0873944759441625,-0.0017157563625965113
2025-01-02,13:50:00,581.043,581.6694,581.275,581.14,74019,64.58900523560209,1146,568.1832964695126,569.8179110696955,569.000603769604,1.6346146001828539,-0.0026537954618316532
2025-01-02,13:51:00,581.04,581.693,581.14,581.12,62015,67.70196506550218,916,562.328829274603,570.3773521231526,566.3530906988777,8.04852284854953,-0.013889117178125873
2025-01-02,13:52:00,580.73,581.6916,581.09,580.85,90883,60.791304347826085,1495,562.2309058322509,567.5017814098031,564.866343621027,5.270875577552329,-0.009043193367210484
2025-01-02,13:53:00,580.73,585.8075,580.83,580.87,255224,170.49031396125585,1497,565.4330523618108,569.5599171479225,567.4964847548666,4.126864786111745,-0.00703522958002351
2025-01-02,13:54:00,580.5,583.4505,580.85,580.7,137343,79.57300115874855,1726,563.3686537635047,569.7424584673296,566.5555561154171,6.373804703825007,-0.010970654627539503
2025-01-02,13:55:00,580.675,581.2814,580.7,581.095,132298,77.54865181711607,1706,567.3452105441999,564.8100192116682,566.077614877934,-2.535191332531758,0.004607988951450122
2025-01-02,13:56:00,580.8628,581.33,581.1,581.186,98934,84.4867634500427,1171,565.5316641855634,571.0421119958456,568.2868880907046,5.5104478102821535,-0.009427172023945368
2025-01-02,13:57:00,580.8945,581.5125,581.17,581.3483,70891,79.11941964285714,896,568.767930576044,568.3551204720537,568.5615255240489,-0.4128101039902384,0.0009048938134810711
2025-01-02,13:58:00,581.0543,581.8,581.34,581.675,70694,61.903677758318736,1142,570.5332624152065,566.4876778394457,568.5104701273261,-4.0455845757608735,0.007228250873643554
2025-01-02,13:59:00,581.1715,582.0,581.6601,581.9,102477,75.57300884955752,1356,568.4426054856083,565.1008394264721,566.7717224560403,-3.3417660591361416,0.006015691532732972
2025-01-02,14:00:00,581.1576,582.03,581.905,581.729,84700,72.26962457337883,1172,569.6109572269041,569.9306951531535,569.7708261900287,0.3197379262492953,-0.0003662037850823226
2025-01-02,14:01:00,581.51,581.89,581.729,581.53,66456,63.77735124760077,1042,569.9878990063528,566.2982881576804,568.1430935820166,-3.689610848672422,0.00662612776364057
2025-01-02,14:02:00,581.4,581.7174,581.54,581.68,98635,86.44609991235758,1141,565.526214217321,566.928017136065,566.227115676693,1.4018029187440155,-0.002180659230059549
2025-01-02,14:03:00,581.6114,582.22,581.67,582.01,121357,94.44124513618677,1285,568.3023785010171,565.5701578782663,566.9362681896417,-2.7322206227507433,0.004944120312226762
2025-01-02,14:04:00,581.4328,582.61,582.01,582.55,154652,86.93198426082068,1779,567.3764034654513,567.5203485205515,567.4483759930014,0.14394505510011146,-7.168356009232843e-05
2025-01-02,14:05:00,581.58,582.6493,582.525,582.4688,93186,93.8429003021148,993,565.0502285029244,569.4604399317034,567.2553342173139,4.410211428779017,-0.007513938633090869
2025-01-02,14:06:00,582.0967,583.0,582.43,582.94,148797,86.05957200694043,1729,565.469138761876,568.1174833666457,566.7933110642608,2.6483446047695973,-0.004438878452654282
2025-01-02,14:07:00,582.39,583.09,582.92,582.46,91534,73.8773204196933,1239,566.4031443147402,567.6575366814667,567.0303404981034,1.2543923667264547,-0.002001822554863383
2025-01-02,14:08:00,582.26,582.7102,582.45,582.31,81783,89.57612267250822,913,572.8536636660062,566.1718184938453,569.5127410799257,-6.681845172160943,0.0118699058320804
2025-01-02,14:09:00,581.97,582.5471,582.32,582.33,86418,75.73882559158633,1141,569.9804589800076,564.3012566875922,567.1408578337998,-5.679202292415484,0.010103051121438675
2025-01-02,14:10:00,582.1742,582.5252,582.35,582.4001,71236,74.59267015706806,955,570.682439253833,567.1915751971499,568.9370072254914,-3.4908640566830793,0.006274493877799663
2025-01-02,14:11:00,582.2554,582.6299,582.41,582.3609,69864,71.0,984,565.7510191140998,567.2536696878883,566.502344400994,1.502650573788466,-0.002433632428616545
2025-01-02,14:12:00,582.1607,582.50642,582.37,582.285,60581,65.21097954790096,929,563.9036722771161,566.1621482511177,565.0329102641169,2.258475974001578,-0.003764714875401315
2025-01-02,14:13:00,581.97,582.4359,582.29,582.08,80389,75.41181988742964,1066,563.1668329406057,569.9263576824451,566.5465953115254,6.759524741839352,-0.011617059475824195
2025-01-02,14:14:00,582.0401,582.3,582.08,582.0899,34771,57.1891447368421,608,563.9506683168316,568.864947221995,566.4078077694134,4.914278905163243,-0.008396724446107163
2025-01-02,14:15:00,582.03,582.4282,582.0795,582.2188,84235,87.83628779979145,959,563.9860063645342,568.5734917151323,566.2797490398332,4.587485350598047,-0.007832199040499832
2025-01-02,14:16:00,581.891,582.402,582.2,582.081,71371,69.35957240038873,1029,563.6094777757863,567.8142463482391,565.7118620620128,4.204768572452728,-0.007154412267310716
2025-01-02,14:17:00,582.016,582.46,582.07,582.32,52174,61.59858323494687,847,565.1281726883527,569.6683623414556,567.3982675149042,4.5401896531028685,-0.007660733154515159
2025-01-02,14:18:00,582.2,582.67,582.3169,582.62,56295,68.07134220072551,827,566.0625054835718,567.0943653754833,566.5784354295276,1.0318598919114488,-0.0015856965574297928
2025-01-02,14:19:00,582.2417,582.65,582.61,582.37,63115,76.78223844282239,822,571.050533397405,566.9821018323131,569.0163176148591,-4.068431565092033,0.007268489086670905
2025-01-02,14:20:00,582.23,582.47,582.41,582.32,42964,68.30524642289348,629,569.477321815306,566.9847526463074,568.2310372308067,-2.4925691689986618,0.004520304317755163
2025-01-02,14:21:00,582.28,582.53,582.32,582.49,42658,61.37841726618705,695,567.7418761884184,563.7400283059637,565.740952247191,-4.001847882454624,0.007167040408037638
2025-01-02,14:22:00,582.327,582.8499,582.5,582.8499,75378,69.66543438077635,1082,566.9310461668784,566.5268605786052,566.7289533727418,-0.4041855882732077,0.0008799191223274797
2025-01-02,14:23:00,582.3427,583.01,582.84,582.873856,77748,77.36119402985075,1005,568.7219555517047,567.9629006195036,568.3424280856041,-0.759054932201187,0.001496116697102374
2025-01-02,14:24:00,582.451,583.13,582.8,583.08,54135,59.75165562913907,906,567.1124852212337,571.8618486893175,569.4871669552756,4.7493634680838355,-0.008090418762499243
2025-01-02,14:25:00,582.5208,583.29,583.06,583.03,85877,69.14412238325282,1242,568.4527117663446,571.7681967985943,570.1104542824694,3.3154850322497698,-0.005583072645116441
2025-01-02,14:26:00,582.6019,583.1792,583.0584,583.1601,65572,69.0958904109589,949,566.988459054602,571.8816645220811,569.4350617883415,4.893205467479182,-0.008326763894363421
2025-01-02,14:27:00,583.0776,583.48,583.17,583.33,70743,66.99147727272727,1056,568.454393646342,568.585133455829,568.5197635510856,0.13073980948696873,-4.910988336402701e-05
2025-01-02,14:28:00,583.22,583.5088,583.35,583.32,78669,76.45189504373178,1029,570.869869738564,567.652969230301,569.2614194844325,-3.2169005082630795,0.00577499150736543
2025-01-02,14:29:00,582.9777,583.37716,583.33,583.312,66180,73.2890365448505,903,567.6883349461892,568.1237594205448,567.906047183367,0.43542447435559073,-0.0005659141001965807
2025-01-02,14:30:00,582.55,583.27,583.27,582.82,93927,69.83420074349442,1345,564.3482489536676,569.8828284014979,567.1155386775828,5.534579447830237,-0.009468494378665072
2025-01-02,14:31:00,582.746,583.15,582.82,583.1,82918,90.22633297062023,919,567.40821201981,568.1392624815956,567.7737372507028,0.7310504617855709,-0.0010881984874041026
2025-01-02,14:32:00,582.8937,583.28,583.09,583.205,46101,65.02256699576868,709,570.9228897151293,566.2660867187927,568.594488216961,-4.656802996336596,0.008303018522118242
2025-01-02,14:33:00,582.84,583.21,583.2,582.93,55584,77.73986013986014,715,570.6056255738253,567.0551642879003,568.8303949308628,-3.5504612859249365,0.006382017395233254
2025-01-02,14:34:00,582.61,583.1018,582.93,582.82,79222,75.52144899904671,1049,568.8028550974414,566.031030094127,567.4169425957841,-2.7718250033143312,0.005036901362926251
2025-01-02,14:35:00,582.12,583.061,582.81,582.12,105566,70.14352159468439,1505,568.1184542859473,570.2524753282767,569.185464807112,2.134021042329337,-0.003505812703609995
2025-01-02,14:36:00,582.09,582.9839,582.12,582.4374,56197,59.154736842105265,950,568.993366794272,571.333192400397,570.1632795973345,2.339825606125053,-0.0038485840657131367
2025-01-02,14:37:00,582.24,582.8594,582.44,582.71,51391,69.63550135501355,738,566.9825347722527,568.9711118299174,567.9768233010851,1.9885770576645985,-0.0032534399904486167
2025-01-02,14:38:00,582.463,582.94,582.71,582.85,59205,66.89830508474576,885,569.6193743199129,569.4342226204955,569.5267984702042,-0.18515169941752543,0.0005191602582822285
2025-01-02,14:39:00,582.41,582.92,582.8201,582.67,46711,68.59177679882525,681,568.1478012483474,568.3232598468776,568.2355305476125,0.17545859853027088,-0.00012483615254977841
2025-01-02,14:40:00,582.5522,582.97,582.65,582.96,34060,52.4,650,570.2954566799718,569.8527474591621,570.074102069567,-0.44270922080971387,0.0009518952915179331
2025-01-02,14:41:00,582.62,583.25,582.958,582.77,69966,93.03989361702128,752,567.9804105498098,568.995781333501,568.4880959416554,1.015370783691176,-0.0015940319444001658
2025-01-02,14:42:00,582.7014,583.02,582.76,582.9601,43212,63.083211678832114,685,566.8585333875853,571.1491387494914,569.0038360685384,4.290605361906054,-0.00729893499816379
2025-01-02,14:43:00,582.67,583.2,582.96,582.7099,50805,62.799752781211374,809,568.4431040112597,569.4788467276566,568.9609753694581,1.0357427163969035,-0.0016280597526491674
2025-01-02,14:44:00,582.65,582.9052,582.691,582.82,28456,51.83242258652095,549,568.2372028651645,568.9246659707725,568.5809344179685,0.6874631056079475,-0.0010218232245821472
2025-01-02,14:45:00,582.685,582.91,582.82,582.833,49711,77.43146417445483,642,566.0705291489674,569.6906891753332,567.8806091621503,3.6201600263659,-0.006132917038358609
2025-01-02,14:46:00,582.25,582.86,582.835,582.2501,60552,63.20668058455115,958,565.8107696542612,570.9188612640388,568.36481545915,5.108091609777582,-0.008714889052758598
2025-01-02,14:47:00,582.19,582.91,582.2838,582.8,204797,83.55650754793962,2451,574.0051516585883,576.5846432899122,575.2948974742502,2.579491631323841,-0.0037608338742316063
2025-01-02,14:48:00,582.5701,583.64,582.806,583.59,102287,86.46407438715131,1183,572.2274448842198,571.1285914034179,571.6780181438189,-1.098853480801953,0.0021162633905161435
2025-01-02,14:49:00,582.8831,583.81,583.59,583.36,78863,77.31666666666666,1020,574.1509657904494,570.8311804539156,572.4910731221826,-3.3197853365337706,0.005964842978471262
2025-01-02,14:50:00,582.85,583.554995,583.35,583.31,64067,79.1928306551298,809,574.2208086751441,570.9158238712345,572.5683162731892,-3.30498480390965,0.005927784336875246
2025-01-02,14:51:00,582.9719,583.6,583.26,583.5813,38658,56.85,680,574.6528738064646,569.5413312170912,572.0971025117778,-5.111542589373442,0.009052196751408828
2025-01-02,14:52:00,582.995,584.0,583.3711,583.91,132924,80.07469879518072,1660,569.5514594756042,572.8200345614746,571.1857470185395,3.2685750858703306,-0.005338693641118748
2025-01-02,14:53:00,583.38,583.9088,583.9088,583.44,70787,70.57527417746759,1003,568.5678976496632,570.4086877678866,569.4882927087749,1.8407901182233526,-0.002984433196447331
2025-01-02,14:54:00,583.1544,583.7499,583.1544,583.56,60789,87.21520803443329,697,568.8465832543058,570.4123888769923,569.629486065649,1.5658056226865307,-0.002543424317617866
2025-01-02,14:55:00,583.1962,583.6473,583.1962,583.36,53726,71.44414893617021,752,568.7688862837045,568.7919746914006,568.7804304875526,0.023088407696020965,0.0001398943797432938
2025-01-02,14:56:00,582.94,583.621,583.3601,583.09,64898,68.96705632306058,941,569.2701639426577,570.3758213451835,569.8229926439205,1.105657402525671,-0.0017296637330213155
2025-01-02,14:57:00,582.48,583.511,583.07,582.55,108800,85.73680063041765,1269,568.466624294376,567.9465862429438,568.2066052686598,-0.5200380514321555,0.00112509818073747
2025-01-02,14:58:00,582.44,583.3615,582.545,582.615,94380,78.91304347826087,1196,565.4370895198873,568.3757421155306,566.9064158177089,2.938652595643221,-0.004872140714030113
2025-01-02,14:59:00,582.02,583.1588,582.64,582.165,97998,72.00440852314475,1361,562.0795452137241,569.186796575328,565.6331708945261,7.107251361603832,-0.012233801540552787
2025-01-02,15:00:00,582.13,583.0663,582.16,582.5299,61986,66.15368196371398,937,566.5297163780955,571.1175692067646,568.8236427924301,4.587852828669217,-0.007789952238653488
2025-01-02,15:01:00,582.3268,583.25,582.53,582.4788,77589,102.76688741721854,755,568.2167588549248,573.7781670805149,570.9974629677198,5.561408225590091,-0.00939252066354546
2025-01-02,15:02:00,582.46,583.0077,582.46,582.875,59836,61.05714285714286,980,567.1645011449133,568.6605614748353,567.9125313098743,1.496060329921959,-0.002346805736636245
2025-01-02,15:03:00,582.5918,583.34,582.8638,583.23,99834,74.89422355588897,1333,567.292792490039,568.1169050589608,567.7048487745,0.8241125689218014,-0.001247035734728923
2025-01-02,15:04:00,582.6594,583.89,583.21,583.77,133994,84.43226212980467,1587,568.5755676259346,569.1584429756393,568.8670053007869,0.5828753497046938,-0.0008304130474498016
2025-01-02,15:05:00,582.885,583.77,583.74,583.48,109756,83.21152388172858,1319,569.3168370132564,572.8679014610495,571.092369237153,3.551064447793138,-0.005975963347424802
2025-01-02,15:06:00,582.9514,583.75,583.465,583.51,56957,63.710290827740494,894,569.9471796889907,572.769060055333,571.3581198721618,2.821880366342301,-0.004711624423128035
2025-01-02,15:07:00,583.0001,583.6099,583.51,583.54,47183,64.9009628610729,727,567.9639811516563,572.1455930777214,570.0547871146888,4.181611926065128,-0.007078086358338781
2025-01-02,15:08:00,583.0536,583.89,583.5101,583.7889,80536,72.68592057761732,1108,568.53485802911,571.4910014316392,570.0129297303746,2.9561434025292295,-0.004959717417075944
2025-01-02,15:09:00,583.3001,583.93,583.78,583.7989,51944,61.18256772673734,849,568.6249292416942,571.8401661171697,570.232547679432,3.2152368754755263,-0.005393604725825093
2025-01-02,15:10:00,583.3253,584.02,583.8013,583.93,79229,70.80339588918677,1119,570.0311255676936,570.8826147047993,570.4568701362465,0.8514891371056831,-0.0013183095788871478
2025-01-02,15:11:00,583.519,584.05,583.94,584.0,110008,87.79569034317637,1253,567.1844933586337,570.1011552981124,568.6428243283731,2.916661939478678,-0.004909319592648192
2025-01-02,15:12:00,583.5478,584.51,583.99,584.49,130583,80.40825123152709,1624,567.873664357789,572.4715994225246,570.1726318901568,4.597935064735605,-0.007823823699016567
2025-01-02,15:13:00,583.8318,584.69,584.5,584.54,94719,73.94145199063232,1281,567.2646707653614,572.278301952702,569.7714863590317,5.013631187340622,-0.00853184809408092
2025-01-02,15:14:00,583.9286,584.55,584.52,584.36,105038,76.2803195352215,1377,567.2744994181463,573.2235237809227,570.2490115995345,5.94902436277638,-0.010151027482050013
2025-01-02,15:15:00,583.8462,584.434,584.34,584.03,137187,83.90642201834862,1635,566.5160181301782,570.8163192206378,568.666168675408,4.300301090459582,-0.007297087146360428
2025-01-02,15:16:00,583.8801,584.2299,584.06,584.07,85720,68.63090472377903,1249,568.2674592593957,570.5917270333474,569.4295931463715,2.3242677739517927,-0.0038684358063913286
2025-01-02,15:17:00,583.97,584.25,584.05,584.23,63440,57.83044667274385,1097,570.619014069828,570.1195424700364,570.3692782699322,-0.4994715997915581,0.0010359627053426078
2025-01-02,15:18:00,584.0793,584.43,584.23,584.36,130805,83.20928753180661,1572,569.7565803108808,567.6228663294354,568.6897233201581,-2.1337139814454527,0.0038698402130492677
2025-01-02,15:19:00,584.1473,584.46,584.3514,584.45,74942,60.00160128102482,1249,570.9152494876805,565.8515326693038,568.3833910784921,-5.063716818376781,0.008961224539223522
2025-01-02,15:20:00,584.17,584.53,584.47,584.28,81113,58.48089401586157,1387,567.7818267223382,568.3306365568147,568.0562316395765,0.5488098344765882,-0.0007951232441028359
2025-01-02,15:21:00,584.12,584.61,584.27,584.3699,112092,59.974317817014445,1869,569.0782749880929,568.8198368714703,568.9490559297816,-0.25843811662243993,0.0006038230625905734
2025-01-02,15:22:00,584.2795,584.81,584.36,584.5974,89016,53.36690647482014,1668,569.0642891634981,567.5988961977187,568.3315926806083,-1.4653929657794678,0.0027025461845839043
2025-01-02,15:23:00,584.44,584.73,584.615,584.58,79984,60.54806964420893,1321,569.0621670865024,568.547635794468,568.8049014404852,-0.5145312920345325,0.001041925080625155
2025-01-02,15:24:00,584.3086,584.66,584.58,584.52,84035,62.80642750373692,1338,567.602175895335,569.8777981146205,568.7399870049777,2.275622219285494,-0.003802451462825445
2025-01-02,15:25:00,584.31,584.62,584.5183,584.35,62950,53.302286198137175,1181,567.249527724049,573.0309719535784,570.1402498388137,5.781444229529336,-0.009812167087188113
2025-01-02,15:26:00,584.31,584.56,584.5173,584.5451,51660,52.23458038422649,989,566.950743863486,571.2188895283589,569.0848166959224,4.268145664872954,-0.007219055969603975
2025-01-02,15:27:00,584.4719,584.64,584.5,584.54,37658,41.935412026726056,898,566.0868611177251,568.3342953841967,567.2105782509609,2.247434266471649,-0.0037698000968389017
2025-01-02,15:28:00,584.45,584.74,584.53,584.64,53152,51.10769230769231,1040,567.6722457999181,567.0128083474799,567.342527073699,-0.6594374524380964,0.0012793430722085031
2025-01-02,15:29:00,584.41,584.72,584.65,584.47,74678,63.447748513169074,1177,567.7245901724227,568.7063894785896,568.2154898255061,0.9817993061668306,-0.0015768725361366622
2025-01-02,15:30:00,584.07,584.68,584.48,584.1501,123806,72.23220536756126,1714,566.9746181663476,572.9531359589146,569.963877062631,5.978517792566931,-0.010238855221970362
2025-01-02,15:31:00,584.1,585.33,584.158,585.2,199258,80.8676948051948,2464,566.8966103742546,572.4044983806292,569.650554377442,5.507888006374666,-0.009403406122662208
2025-01-02,15:32:00,584.6448,585.39,585.2,584.98,109498,62.64187643020595,1748,569.5198338621135,573.6949313463488,571.6073826042311,4.175097484235331,-0.007066618576256696
2025-01-02,15:33:00,584.5,585.0242,584.96,584.7192,135853,80.10200471698113,1696,565.2115510741428,572.3251854068178,568.7683682404803,7.113634332675084,-0.012202054655459454
2025-01-02,15:34:00,584.35,585.8075,584.7,584.415,262327,163.24019912881144,1607,564.8051210754843,570.3932011940548,567.5991611347696,5.588080118570474,-0.009566733279476169
2025-01-02,15:35:00,583.855,584.7385,584.4451,583.9,104846,68.66142763588736,1527,563.2090687004159,569.829723786579,566.5193962434975,6.620655086163242,-0.011369856586540716
2025-01-02,15:36:00,583.6,584.6895,583.9077,583.81,111493,72.68122555410692,1534,565.325427207139,569.5261244112774,567.4257758092082,4.200697204138345,-0.007139350027203843
2025-01-02,15:37:00,583.5502,584.3242,583.8103,583.91,118395,80.76057298772169,1466,566.8947700380993,567.92436445978,567.4095672489397,1.0295944216806845,-0.0015785550374906821
2025-01-02,15:38:00,583.7752,584.4532,583.89,584.04,81718,57.9971611071682,1409,569.85535272415,568.380721033046,569.118036878598,-1.4746316911039725,0.00272541082746053
2025-01-02,15:39:00,583.63,584.4093,584.02,583.855,81205,61.14834337349398,1328,568.1354901021184,571.4727935490267,569.8041418255725,3.337303446908358,-0.005631914180355347
2025-01-02,15:40:00,583.808,584.3469,583.88,584.14,98730,70.7741935483871,1395,569.7476806072376,570.7446743658547,570.2461774865462,0.9969937586171111,-0.0015641920346528696
2025-01-02,15:41:00,583.861,584.3433,584.1592,584.19,105540,73.4446764091858,1437,568.8632831568652,570.2077780612607,569.5355306090629,1.344494904395402,-0.0021720368239355583
2025-01-02,15:42:00,583.9379,584.35,584.19,584.26,72939,59.49347471451876,1226,570.0897364394883,569.2867270232331,569.6882317313607,-0.8030094162552641,0.0015526956076322193
2025-01-02,15:43:00,583.981,584.37,584.27,584.08,103556,78.63022019741838,1317,567.4678374200427,569.3944802771855,568.431158848614,1.926642857142857,-0.003192755871423933
2025-01-02,15:44:00,584.0048,584.34,584.0799,584.1605,87694,75.46815834767642,1162,570.0440676173314,566.1371078508188,568.090587734075,-3.9069597665125753,0.006948177347747317
2025-01-02,15:45:00,583.96,584.29,584.17,584.2268,97965,69.3312101910828,1413,568.7417726694948,567.3413104736818,568.0415415715883,-1.4004621958129777,0.0025829339640256427
2025-01-02,15:46:00,584.0524,584.79,584.22,584.4,144608,61.71916346564234,2343,566.6859639531234,568.3871923720833,567.5365781626033,1.7012284189599247,-0.0028062615542167072
2025-01-02,15:47:00,584.07,584.56,584.38,584.54,147819,84.08361774744027,1758,567.1664165966844,569.9630121924667,568.5647143945756,2.796595595782402,-0.004704990763692628
2025-01-02,15:48:00,584.1619,586.08,584.51,584.5,118457,79.60819892473118,1488,570.6901683235606,569.3958043969591,570.0429863602599,-1.2943639266014446,0.0023887009634961606
2025-01-02,15:49:00,584.2471,584.7,584.49,584.5,129701,81.98546144121366,1582,571.592734907732,568.4839037639173,570.0383193358247,-3.1088311438147707,0.005550994879011766
2025-01-02,15:50:00,584.3608,585.064,584.48,584.64,225252,81.49493487698987,2764,573.0779314362987,572.8065375762458,572.9422345062723,-0.27139386005294047,0.0006845125396871632
2025-01-02,15:51:00,584.1975,584.8395,584.64,584.2,136401,73.09807073954984,1866,565.1283889612625,567.7920783732387,566.4602336672507,2.663689411976102,-0.004530477759472817
2025-01-02,15:52:00,583.973,584.722,584.19,584.59,156212,71.10241238051889,2197,565.3490261708351,571.8204724191551,568.5847492949952,6.4714462483198485,-0.011149228130360206
2025-01-02,15:53:00,584.2586,584.898,584.58,584.58,161247,73.93259972489683,2181,565.9103214946682,566.2520965894068,566.0812090420376,0.34177509473869744,-0.0004847483796836568
2025-01-02,15:54:00,584.08,584.75,584.58,584.1,204642,83.22163481089873,2459,566.6490022485384,567.960364563034,567.3046834057862,1.311362314495578,-0.002133690980583412
2025-01-02,15:55:00,583.81,584.6599,584.12,584.5162,310265,96.14657576696622,3227,566.0774624158182,568.9754261808122,567.5264442983153,2.897963764993991,-0.004916159855977289
2025-01-02,15:56:00,584.2871,584.67,584.5,584.35,235070,102.74038461538461,2288,566.2087531515845,565.2436812319747,565.7262171917796,-0.965071919609657,0.001792710874547202
2025-01-02,15:57:00,584.2,585.8075,584.35,584.39,373178,177.19753086419752,2106,565.9946957491113,566.8886176724228,566.4416567107671,0.8939219233115285,-0.0014554171482385172
2025-01-02,15:58:00,584.11,584.4852,584.4,584.28,377514,112.9605026929982,3342,567.3572166719807,569.802565451518,568.5798910617494,2.4453487795373223,-0.004112122681319471
2025-01-02,15:59:00,584.0,584.81,584.27,584.58,1202158,153.59115880925003,7827,573.350416282378,572.0096779790842,572.6800471307312,-1.34073830329368,0.00252868476783513
